organization,url
United Nations – Events and News,https://www.un.org/en/events-and-news
United Nations – Calendar of Conferences and Meetings,https://www.un.org/calendar/en
United Nations – Conferences Portal,https://www.un.org/en/conferences
UN Meetings Coverage (Press),https://press.un.org/en/content/meetings-coverage
UN Web TV Meetings & Events,https://webtv.un.org/en/search/categories/meetings-events
UN ECOSOC Events,https://www.un.org/ecosoc/en/events
UN High-Level Political Forum,https://hlpf.un.org/events
UN General Assembly Meetings,https://www.un.org/en/ga/meetings
UN Security Council Meetings,https://www.un.org/securitycouncil/content/meetings
UN DESA Events,https://www.un.org/development/desa/events
UNDRR Events,https://www.undrr.org/events
UNOOSA Events,https://www.unoosa.org/oosa/en/events/index.html
UN Office for Partnerships Events,https://www.un.org/partnerships/events
OCHA Events,https://www.unocha.org/events
UNDP Events,https://www.undp.org/events
UNICEF Events,https://www.unicef.org/events
UNFPA Events,https://www.unfpa.org/events
UN Women Events,https://www.unwomen.org/en/news-and-events/events
UN-Habitat Events,https://unhabitat.org/events
UNEP Events,https://www.unep.org/events
World Food Programme Events,https://www.wfp.org/events
UN Volunteers Events,https://www.unv.org/events
UNCDF Events,https://www.uncdf.org/events
UNECE Meetings and Events,https://unece.org/info/events/unece-meetings-and-events
UNESCAP Events,https://www.unescap.org/events
UNECA Events,https://www.uneca.org/eca-events
ECLAC Events,https://www.cepal.org/en/events
ESCWA Events,https://www.unescwa.org/events
FAO Events,https://www.fao.org/events/en
FAO Members Gateway Calendar,https://www.fao.org/members-gateway/calendar/en
ICAO Meetings and Events,https://www.icao.int/events
IFAD Events,https://www.ifad.org/en/events
ILO Meetings and Events,https://www.ilo.org/ilo-meetings-and-events
IMF Events,https://www.imf.org/en/news/seminars
IMO Events,https://www.imo.org/en/MediaCentre/Events/Pages/Default.aspx
ITU Events Calendar,https://www.itu.int/en/events/pages/calendar-events.aspx
UNESCO Events,https://www.unesco.org/en/events
UNIDO Events,https://www.unido.org/events
UN Tourism Events,https://www.unwto.org/events
Universal Postal Union Events,https://www.upu.int/en/Events
WHO Events,https://www.who.int/news-room/events
WIPO Meetings and Events,https://www.wipo.int/meetings/en
WMO Events,https://wmo.int/events
World Bank Events,https://www.worldbank.org/en/events/events-landing/all
World Bank Annual Meetings,https://www.worldbank.org/en/meetings/splash/annual
World Bank Spring Meetings,https://www.worldbank.org/en/meetings/splash/spring
IFC Events,https://www.ifc.org/en/events
IDA Events,https://ida.worldbank.org/events
UNCTAD Meetings,https://unctad.org/meetings
UNHCR Events,https://www.unhcr.org/events
UNOPS Events,https://www.unops.org/events
UNRWA Events,https://www.unrwa.org/newsroom/events
ITC Events,https://intracen.org/events
UNAIDS Events,https://www.unaids.org/en/events
UNITAR Events,https://unitar.org/about/events
UNU Events,https://unu.edu/events
UNIDIR Events,https://unidir.org/events
UNSSC Events,https://www.unssc.org/events
UNRISD Events,https://www.unrisd.org/events
UNICRI Events,https://unicri.it/events
WTO Events Calendar,https://www.wto.org/english/news_e/events_e/events_calendar_view_e.htm
WTO Ministerial Conferences,https://www.wto.org/english/thewto_e/minist_e/minist_e.htm
OECD Events,https://www.oecd.org/en/events.html
IAEA Events,https://www.iaea.org/events
IOM Events,https://www.iom.int/events-and-international-days
OPCW Events,https://www.opcw.org/events
International Seabed Authority Events,https://www.isa.org.jm/events
International Tribunal for the Law of the Sea Events,https://www.itlos.org/en/main/events/
CTBTO Events,https://www.ctbto.org/events
ICC Events,https://www.icc-cpi.int/events
Council of Europe Events,https://www.coe.int/en/web/portal/events
OSCE Events,https://www.osce.org/events
European Commission Events,https://commission.europa.eu/news/events_en
NATO Events,https://www.nato.int/cps/en/natohq/events.htm
African Union Events,https://au.int/en/events
ASEAN Events,https://asean.org/events
Organization of American States Events,https://www.oas.org/en/events/
APEC Events,https://www.apec.org/events-calendar
Commonwealth Events,https://thecommonwealth.org/events
UNESCO General Conference,https://www.unesco.org/en/general-conference
WHO Governing Bodies,https://www.who.int/about/governance
ILO Official Meetings Programme,https://www.ilo.org/resource/conference-paper/programme-ilo-official-meetings
UNFCCC Events List,https://unfccc.int/calendar/events-list
UNFCCC Conferences and Meetings,https://unfccc.int/process-and-meetings/conferences
"WMO News, Events and Meetings",https://wmo.int/news/events-and-meetings
OHCHR Events,https://www.ohchr.org/en/events
Human Rights Council Sessions,https://www.ohchr.org/en/hr-bodies/hrc/sessions
UN Trade and Development – Events,https://unctad.org/events
FAO Regional Conferences,https://www.fao.org/about/meetings/regional-conferences/en
ITU Events Search,https://www.itu.int/hub/events/
ICAO Council and Meetings,https://www.icao.int/about-icao/Council/Pages/default.aspx
IMO Meetings,https://www.imo.org/en/MediaCentre/MeetingSummaries/Pages/Default.aspx
IFAD Executive Board and Governing Council,https://www.ifad.org/en/governing-bodies
UNU Macau Events,https://unu.edu/macau/events
UNU-MERIT Events,https://unu.edu/merit/events
UNU-WIDER Events,https://www.wider.unu.edu/events
UNU-CPR Events,https://unu.edu/cpr/events
